[
  {
    "id": "",
    "name": "ATS",
    "link": "",
    "list": [
      {
        "id": "",
        "name": "Metalworking Tools",
        "link": "",
        "list": [
          {
            "id": "",
            "name": "Cutting Tools",
            "link": "",
            "list": [
              {
                "id": "",
                "name": "Indexable Milling",
                "link": "",
                "list": []
              },
              {
                "id": "",
                "name": "Solid Carbide Endmills",
                "link": "",
                "list": []
              },
              {
                "id": "",
                "name": "Holemaking Tools",
                "link": "",
                "list": []
              },
              {
                "id": "",
                "name": "Turning Tools",
                "link": "",
                "list": []
              },
              {
                "id": "",
                "name": "Threading Tools",
                "link": "",
                "list": []
              }
            ]
          },
          {
            "id": "",
            "name": "Milling",
            "link": "",
            "list": [
              {
                "id": "",
                "name": "Solid-Carbide End Mills",
                "link": "",
                "list": []
              },
              {
                "id": "",
                "name": "Indexable Milling",
                "link": "",
                "list": []
              }
            ]
          },
          {
            "id": "",
            "name": "Holemaking",
            "link": "",
            "list": [
              {
                "id": "",
                "name": "Cutting Tools",
                "link": "",
                "list": []
              },
              {
                "id": "",
                "name": "Milling",
                "link": "",
                "list": []
              },
              {
                "id": "",
                "name": "Holemaking",
                "link": "",
                "list": []
              },
              {
                "id": "",
                "name": "Turning",
                "link": "",
                "list": []
              },
              {
                "id": "",
                "name": "Threading",
                "link": "",
                "list": []
              },
              {
                "id": "",
                "name": "Tooling Systems",
                "link": "",
                "list": []
              }
            ]
          },
          {
            "id": "",
            "name": "Turning",
            "link": "",
            "list": [
              {
                "id": "",
                "name": "O.D. and I.D. Turning",
                "link": "",
                "list": []
              },
              {
                "id": "",
                "name": "Grooving and Cut-Off",
                "link": "",
                "list": []
              },
              {
                "id": "",
                "name": "Profiling",
                "link": "",
                "list": []
              },
              {
                "id": "",
                "name": "Railroad Turning",
                "link": "",
                "list": []
              }
            ]
          }
        ]
      },
      {
        "id": "",
        "name": "Mining",
        "link": "",
        "list": [
          {
            "id": "",
            "name": "Surface Mining",
            "link": "",
            "list": [
              {
                "id": "",
                "name": "Surface Miner",
                "link": "",
                "list": []
              }
            ]
          },
          {
            "id": "",
            "name": "Underground Mining",
            "link": "",
            "list": [
              {
                "id": "",
                "name": "Conicals",
                "link": "",
                "list": []
              },
              {
                "id": "",
                "name": "Crushers",
                "link": "",
                "list": []
              },
              {
                "id": "",
                "name": "Radials",
                "link": "",
                "list": []
              },
              {
                "id": "",
                "name": "Cutting Systems",
                "link": "",
                "list": []
              },
              {
                "id": "",
                "name": "Roof Bits",
                "link": "",
                "list": []
              },
              {
                "id": "",
                "name": "Drilling Systems",
                "link": "",
                "list": []
              },
              {
                "id": "",
                "name": "Continous Miners",
                "link": "",
                "list": []
              }
            ]
          }
        ]
      },
      {
        "id": "",
        "name": "Promotions",
        "link": "",
        "list": [
          {
            "id": "",
            "name": "Cutting Tools",
            "link": "",
            "list": [
              {
                "id": "",
                "name": "Indexable Milling",
                "link": "",
                "list": []
              },
              {
                "id": "",
                "name": "Solid Carbide Endmills",
                "link": "",
                "list": []
              },
              {
                "id": "",
                "name": "Holemaking Tools",
                "link": "",
                "list": []
              },
              {
                "id": "",
                "name": "Turning Tools",
                "link": "",
                "list": []
              },
              {
                "id": "",
                "name": "Threading Tools",
                "link": "",
                "list": []
              }
            ]
          },
          {
            "id": "",
            "name": "Milling",
            "link": "",
            "list": [
              {
                "id": "",
                "name": "Solid-Carbide End Mills",
                "link": "",
                "list": []
              },
              {
                "id": "",
                "name": "Indexable Milling",
                "link": "",
                "list": []
              }
            ]
          },
          {
            "id": "",
            "name": "Holemaking",
            "link": "",
            "list": [
              {
                "id": "",
                "name": "Cutting Tools",
                "link": "",
                "list": []
              },
              {
                "id": "",
                "name": "Milling",
                "link": "",
                "list": []
              },
              {
                "id": "",
                "name": "Holemaking",
                "link": "",
                "list": []
              },
              {
                "id": "",
                "name": "Turning",
                "link": "",
                "list": []
              },
              {
                "id": "",
                "name": "Threading",
                "link": "",
                "list": []
              },
              {
                "id": "",
                "name": "Tooling Systems",
                "link": "",
                "list": []
              }
            ]
          },
          {
            "id": "",
            "name": "Turning",
            "link": "",
            "list": [
              {
                "id": "",
                "name": "O.D. and I.D. Turning",
                "link": "",
                "list": []
              },
              {
                "id": "",
                "name": "Grooving and Cut-Off",
                "link": "",
                "list": []
              },
              {
                "id": "",
                "name": "Profiling",
                "link": "",
                "list": []
              },
              {
                "id": "",
                "name": "Railroad Turning",
                "link": "",
                "list": []
              }
            ]
          }
        ]
      }
    ]
  }
]