[
  {
    "id": "",
    "name": "ATS",
    "link": "",
    "list": [
      {
        "id": "",
        "name": "Metalworking Tools",
        "link": "",
        "list": [
          {
            "id": "",
            "name": "Cutting Tools",
            "link": "",
            "list": [
              {
                "id": "",
                "name": "Indexable Milling",
                "link": "",
                "list": [
                  {
                    "id": "",
                    "name": "Milling Inserts",
                    "link": "",
                    "list": []
                  }
                ]
              },
              {
                "id": "",
                "name": "Solid Carbide Endmills",
                "link": "",
                "list": []
              },
              {
                "id": "",
                "name": "Holemaking Tools",
                "link": "",
                "list": []
              },
              {
                "id": "",
                "name": "Turning Tools",
                "link": "",
                "list": []
              },
              {
                "id": "",
                "name": "Threading Tools",
                "link": "",
                "list": []
              }
            ]
          },
          {
            "id": "",
            "name": "Milling",
            "link": "",
            "list": [
              {
                "id": "",
                "name": "Solid-Carbide End Mills",
                "link": "",
                "list": []
              },
              {
                "id": "",
                "name": "Indexable Milling",
                "link": "",
                "list": []
              }
            ]
          },
          {
            "id": "",
            "name": "Holemaking",
            "link": "",
            "list": [
              {
                "id": "",
                "name": "Cutting Tools",
                "link": "",
                "list": []
              },
              {
                "id": "",
                "name": "Milling",
                "link": "",
                "list": []
              },
              {
                "id": "",
                "name": "Holemaking",
                "link": "",
                "list": []
              },
              {
                "id": "",
                "name": "Turning",
                "link": "",
                "list": []
              },
              {
                "id": "",
                "name": "Threading",
                "link": "",
                "list": []
              },
              {
                "id": "",
                "name": "Tooling Systems",
                "link": "",
                "list": []
              }
            ]
          },
          {
            "id": "",
            "name": "Turning",
            "link": "",
            "list": [
              {
                "id": "",
                "name": "O.D. and I.D. Turning",
                "link": "",
                "list": []
              },
              {
                "id": "",
                "name": "Grooving and Cut-Off",
                "link": "",
                "list": []
              },
              {
                "id": "",
                "name": "Profiling",
                "link": "",
                "list": []
              },
              {
                "id": "",
                "name": "Railroad Turning",
                "link": "",
                "list": []
              }
            ]
          }
        ]
      },
      {
        "id": "",
        "name": "Mining",
        "link": "",
        "list": [
          {
            "id": "",
            "name": "Surface Mining",
            "link": "",
            "list": [
              {
                "id": "",
                "name": "Surface Miner",
                "link": "",
                "list": []
              }
            ]
          },
          {
            "id": "",
            "name": "Underground Mining",
            "link": "",
            "list": [
              {
                "id": "",
                "name": "Conicals",
                "link": "",
                "list": []
              },
              {
                "id": "",
                "name": "Crushers",
                "link": "",
                "list": []
              },
              {
                "id": "",
                "name": "Radials",
                "link": "",
                "list": []
              },
              {
                "id": "",
                "name": "Cutting Systems",
                "link": "",
                "list": []
              },
              {
                "id": "",
                "name": "Roof Bits",
                "link": "",
                "list": []
              },
              {
                "id": "",
                "name": "Drilling Systems",
                "link": "",
                "list": []
              },
              {
                "id": "",
                "name": "Continous Miners",
                "link": "",
                "list": []
              }
            ]
          }
        ]
      },
      {
        "id": "",
        "name": "Construction",
        "link": "",
        "list": [
          {
            "id": "",
            "name": "Accessories",
            "link": "",
            "list": [
              {
                "id": "",
                "name": "Beanies",
                "link": "",
                "list": []
              },
              {
                "id": "",
                "name": "Caps & Hats",
                "link": "",
                "list": []
              },
              {
                "id": "",
                "name": "Sunglasses",
                "link": "",
                "list": []
              },
              {
                "id": "",
                "name": "Gloves",
                "link": "",
                "list": []
              },
              {
                "id": "",
                "name": "Jewellery",
                "link": "",
                "list": []
              },
              {
                "id": "",
                "name": "Scarves",
                "link": "",
                "list": []
              },
              {
                "id": "",
                "name": "Wallets",
                "link": "",
                "list": []
              },
              {
                "id": "",
                "name": "Watches",
                "link": "",
                "list": []
              }
            ]
          },
          {
            "id": "",
            "name": "Bottoms",
            "link": "",
            "list": [
              {
                "id": "",
                "name": "Casual Trousers",
                "link": "",
                "list": []
              },
              {
                "id": "",
                "name": "Jeans",
                "link": "",
                "list": []
              },
              {
                "id": "",
                "name": "Leggings",
                "link": "",
                "list": []
              },
              {
                "id": "",
                "name": "Shorts",
                "link": "",
                "list": []
              },
              {
                "id": "",
                "name": "Scarves",
                "link": "",
                "list": []
              },
              {
                "id": "",
                "name": "Wallets",
                "link": "",
                "list": []
              },
              {
                "id": "",
                "name": "Watches",
                "link": "",
                "list": []
              }
            ]
          },
          {
            "id": "",
            "name": "Jackets",
            "link": "",
            "list": [
              {
                "id": "",
                "name": "Blazers",
                "link": "",
                "list": []
              },
              {
                "id": "",
                "name": "Bomber jackets",
                "link": "",
                "list": []
              },
              {
                "id": "",
                "name": "Denim Jackets",
                "link": "",
                "list": []
              },
              {
                "id": "",
                "name": "Duffle Coats",
                "link": "",
                "list": []
              },
              {
                "id": "",
                "name": "Leather Jackets",
                "link": "",
                "list": []
              },
              {
                "id": "",
                "name": "Parkas",
                "link": "",
                "list": []
              },
              {
                "id": "",
                "name": "All Jackets",
                "link": "",
                "list": []
              }
            ]
          },
          {
            "id": "",
            "name": "Tops",
            "link": "",
            "list": [
              {
                "id": "",
                "name": "Cardigans",
                "link": "",
                "list": []
              },
              {
                "id": "",
                "name": "Coats",
                "link": "",
                "list": []
              },
              {
                "id": "",
                "name": "Hoodies & Sweatshirts",
                "link": "",
                "list": []
              },
              {
                "id": "",
                "name": "Jumpers",
                "link": "",
                "list": []
              },
              {
                "id": "",
                "name": "Polo Shirts",
                "link": "",
                "list": []
              },
              {
                "id": "",
                "name": "Shirts",
                "link": "",
                "list": []
              },
              {
                "id": "",
                "name": "All Tops",
                "link": "",
                "list": []
              }
            ]
          }
        ]
      },
      {
        "id": "",
        "name": "Promotions",
        "link": "",
        "list": [
          {
            "id": "",
            "name": "Accessories",
            "link": "",
            "list": [
              {
                "id": "",
                "name": "Beanies",
                "link": "",
                "list": []
              },
              {
                "id": "",
                "name": "Caps & Hats",
                "link": "",
                "list": []
              },
              {
                "id": "",
                "name": "Sunglasses",
                "link": "",
                "list": []
              },
              {
                "id": "",
                "name": "Gloves",
                "link": "",
                "list": []
              },
              {
                "id": "",
                "name": "Jewellery",
                "link": "",
                "list": []
              },
              {
                "id": "",
                "name": "Scarves",
                "link": "",
                "list": []
              },
              {
                "id": "",
                "name": "Wallets",
                "link": "",
                "list": []
              },
              {
                "id": "",
                "name": "Watches",
                "link": "",
                "list": []
              }
            ]
          },
          {
            "id": "",
            "name": "Bottoms",
            "link": "",
            "list": [
              {
                "id": "",
                "name": "Casual Trousers",
                "link": "",
                "list": []
              },
              {
                "id": "",
                "name": "Jeans",
                "link": "",
                "list": []
              },
              {
                "id": "",
                "name": "Leggings",
                "link": "",
                "list": []
              },
              {
                "id": "",
                "name": "Shorts",
                "link": "",
                "list": []
              },
              {
                "id": "",
                "name": "Scarves",
                "link": "",
                "list": []
              },
              {
                "id": "",
                "name": "Wallets",
                "link": "",
                "list": []
              },
              {
                "id": "",
                "name": "Watches",
                "link": "",
                "list": []
              },
              {
                "id": "",
                "name": "Boots",
                "link": "",
                "list": []
              }
            ]
          },
          {
            "id": "",
            "name": "Jackets",
            "link": "",
            "list": [
              {
                "id": "",
                "name": "Blazers",
                "link": "",
                "list": []
              },
              {
                "id": "",
                "name": "Bomber jackets",
                "link": "",
                "list": []
              },
              {
                "id": "",
                "name": "Denim Jackets",
                "link": "",
                "list": []
              },
              {
                "id": "",
                "name": "Duffle Coats",
                "link": "",
                "list": []
              },
              {
                "id": "",
                "name": "Leather Jackets",
                "link": "",
                "list": []
              },
              {
                "id": "",
                "name": "Parkas",
                "link": "",
                "list": []
              },
              {
                "id": "",
                "name": "All Jackets",
                "link": "",
                "list": []
              }
            ]
          },
          {
            "id": "",
            "name": "Tops",
            "link": "",
            "list": [
              {
                "id": "",
                "name": "Cardigans",
                "link": "",
                "list": []
              },
              {
                "id": "",
                "name": "Coats",
                "link": "",
                "list": []
              },
              {
                "id": "",
                "name": "Hoodies & Sweatshirts",
                "link": "",
                "list": []
              },
              {
                "id": "",
                "name": "Jumpers",
                "link": "",
                "list": []
              },
              {
                "id": "",
                "name": "Polo Shirts",
                "link": "",
                "list": []
              },
              {
                "id": "",
                "name": "Shirts",
                "link": "",
                "list": []
              },
              {
                "id": "",
                "name": "All Tops",
                "link": "",
                "list": []
              }
            ]
          }
        ]
      }
    ]
  }
]