<!--<?xml version="1.0" encoding="UTF-8"?>-->
<!--<beans:beans xmlns="http://www.springframework.org/schema/security"-->
	<!--xmlns:beans="http://www.springframework.org/schema/beans"-->
	<!--xmlns:xsi="http://www.w3.org/2001/XMLSchema-instance"	-->
	<!--xsi:schemaLocation="http://www.springframework.org/schema/beans -->
						<!--http://www.springframework.org/schema/beans/spring-beans.xsd-->
		<!--http://www.springframework.org/schema/security -->
		<!--http://www.springframework.org/schema/security/spring-security-3.2.xsd">-->
            <!---->
	<!--<http auto-config="true" use-expressions="true" disable-url-rewriting="true">-->
<!-- 		<intercept-url pattern="/styles/**" access="permitAll" />   -->
<!-- 		<intercept-url pattern="/data/**" access="permitAll" />  -->
<!-- 		<intercept-url pattern="/bgx_connect_imc_app/**" access="permitAll" />  -->
<!-- 		<intercept-url pattern="/resources/**" access="permitAll" />   -->
<!-- 		<intercept-url pattern="/scripts/**" access="permitAll" />   -->
<!-- 		<intercept-url pattern="/fonts/**" access="permitAll" /> -->
<!-- 		<intercept-url pattern="/login" access="permitAll" />     -->
		<!--<intercept-url pattern="/**" access="permitAll" />-->
		  	<!---->
 		<!--<form-login login-page='/#!/' default-target-url="/#!/" always-use-default-target="true" />-->
 		<!---->
 		<!--<logout logout-success-url="/#!/" />					-->
	<!--</http>-->
	<!---->
	<!--<authentication-manager alias="authenticationManager">-->
        <!--<authentication-provider>-->
            <!--<user-service>            	-->
                <!--<user name="netwebuser" password="Test@12" authorities="ROLE_USER" />-->
            <!--</user-service>                       -->
        <!--</authentication-provider>        -->
    <!--</authentication-manager>-->

<!--</beans:beans>-->
