<?xml version="1.0" encoding="UTF-8"?>
<beans xmlns="http://www.springframework.org/schema/beans"
	xmlns:xsi="http://www.w3.org/2001/XMLSchema-instance"
	xmlns:mvc="http://www.springframework.org/schema/mvc"
	xmlns:context="http://www.springframework.org/schema/context"
	xsi:schemaLocation="http://www.springframework.org/schema/mvc http://www.springframework.org/schema/mvc/spring-mvc.xsd
		http://www.springframework.org/schema/beans http://www.springframework.org/schema/beans/spring-beans.xsd
		http://www.springframework.org/schema/context http://www.springframework.org/schema/context/spring-context.xsd">

	<!-- DispatcherServlet Context: defines this servlet's request-processing infrastructure -->
	
	<!-- Enables the Spring MVC @Controller programming model -->
	<mvc:annotation-driven>
		<mvc:argument-resolvers>
			<ref bean="sortResolver"/>
			<ref bean="pageableResolver" />
		</mvc:argument-resolvers>
	</mvc:annotation-driven>

	<bean id="sortResolver" class="org.springframework.data.web.SortHandlerMethodArgumentResolver" />
	<bean id="pageableResolver" class="org.springframework.data.web.PageableHandlerMethodArgumentResolver">
		<constructor-arg ref="sortResolver" />
	</bean>

	<bean id="conversionService" class="org.springframework.format.support.FormattingConversionServiceFactoryBean" />

	<bean class="org.springframework.data.repository.support.DomainClassConverter">
		<constructor-arg ref="conversionService" />
	</bean>

	<!-- Handles HTTP GET requests for /resources/** by efficiently serving up static resources in the ${webappRoot}/resources directory -->
	<mvc:resources mapping="/**" location="/" />

	<!-- Resolves views selected for rendering by @Controllers to .jsp resources in the /WEB-INF/views directory -->
	<bean class="org.springframework.web.servlet.view.InternalResourceViewResolver">
		<property name="prefix" value="/WEB-INF/views/" />
		<property name="suffix" value=".jsp" />
	</bean>

	
	<context:component-scan base-package="com.bgx" />

	<bean class="com.bgx.SolrConfig"/>

	<bean name="productService" class="com.bgx.service.impl.ProductServiceImpl">
		<property name="solrProductRepository" ref="solrProductRepository"/>
	</bean>
	
</beans>
